id,stationname,lat,long,distance,freq
72,W 52 St & 11 Ave,40.76727216,-73.99392888,0.3052613244441582,9401
79,Franklin St & W Broadway,40.71911552,-74.00666661,0.292134446488152,6887
82,St James Pl & Pearl St,40.71117416,-74.00016545,0.2709442237708828,3506
83,Atlantic Ave & Fort Greene Pl,40.68382604,-73.97632328,1.9358447136624963,3700
116,W 17 St & 8 Ave,40.74177603,-74.00149746,0.02805267894277701,15543
119,Park Ave & St Edwards St,40.69608941,-73.97803415,1.0851689090763976,533
120,Lexington Ave & Classon Ave,40.68676793,-73.95928168,2.0264437402998032,1586
127,Barrow St & Hudson St,40.73172428,-74.00674436,0.13644161629511517,12100
137,E 56 St & Madison Ave,40.761628,-73.972924,0.7447694850049658,5545
143,Clinton St & Joralemon St,40.69239502,-73.99337909,1.2294820088662823,3059
144,Nassau St & Navy St,40.69839895,-73.98068914,0.9250889251555802,1543
146,Hudson St & Reade St,40.71625008,-74.0091059,0.1409823462529154,6859
147,Greenwich St & Warren St,40.71542197,-74.01121978,0.11647306087554325,15232
150,E 2 St & Avenue C,40.7208736,-73.98085795,0.34824864360939445,5952
151,Cleveland Pl & Spring St,40.7218158,-73.99720307,0.28416630885468863,21997
152,Warren St & Church St,40.71473993,-74.00910627,0.20449274934338693,5520
157,Henry St & Atlantic Ave,40.69089272,-73.99612349,1.3114502195165243,3373
160,E 37 St & Lexington Ave,40.748238,-73.978311,0.30844226111122675,6614
161,LaGuardia Pl & W 3 St,40.72917025,-73.99810231,0.12160124640922355,12035
164,E 47 St & 2 Ave,40.75323098,-73.97032517,0.3377031541823217,6484
167,E 39 St & 3 Ave,40.7489006,-73.97604882,0.27546714276494694,11883
168,W 18 St & 6 Ave,40.73971301,-73.99456405,0.38650182494340796,18271
173,Broadway & W 49 St,40.76064679,-73.98442659,0.4569565333868923,11762
174,E 25 St & 1 Ave,40.7381765,-73.97738662,0.13096584398847141,6339
195,Liberty St & Broadway,40.70905623,-74.01043382,0.3425456338157214,10207
212,W 16 St & The High Line,40.74334935,-74.00681753,0.2620716242862612,11882
216,Columbia Heights & Cranberry St,40.70037867,-73.99548059,0.6751338939989927,2475
217,Old Fulton St,40.70277159,-73.99383605,0.5146964601840741,5640
218,Gallatin Pl & Livingston St,40.69028437,-73.98707105,1.4360731684814927,1514
223,W 13 St & 7 Ave,40.73781509,-73.99994661,0.2687584586576064,10190
224,Spruce St & Nassau St,40.71146364,-74.00552427,0.09830994822301016,6335
225,W 14 St & The High Line,40.74195138,-74.00803013,0.2614412001271652,9086
228,E 48 St & 3 Ave,40.7546011026,-73.971878855,0.42865454859565,7413
229,Great Jones St,40.72743423,-73.99379025,0.127415993398393,14345
232,Cadman Plaza E & Tillary St,40.69597683,-73.99014892,1.0137232108826444,3894
233,Cadman Plaza W & Pierrepont St,40.694757013639,-73.990527391434,1.0905799786328245,5254
236,St Marks Pl & 2 Ave,40.7284186,-73.98713956,0.31553329952999154,13067
237,E 11 St & 2 Ave,40.73047309,-73.98672378,0.2615685564404222,13459
238,Bank St & Washington St,40.7361967,-74.00859207,0.16316057557084734,8375
239,Willoughby St & Fleet St,40.69196566,-73.9813018,1.37015906014401,2808
241,DeKalb Ave & S Portland Ave,40.68981035,-73.97493121,1.534633457671938,2716
242,Carlton Ave & Flushing Ave,40.697787,-73.973736,1.0117950597484147,1958
243,Fulton St & Rockwell Pl,40.688226,-73.979382,1.6249929143675503,2161
244,Willoughby Ave & Hall St,40.69196035,-73.96536851,1.5560286429214405,2670
245,Myrtle Ave & St Edwards St,40.69327018,-73.97703874,1.2835124854550526,1216
247,Perry St & Bleecker St,40.73535398,-74.00483091,0.07367854365199557,8304
248,Laight St & Hudson St,40.72185379,-74.00771779,0.2839145663798168,2646
249,Harrison St & Hudson St,40.71870987,-74.0090009,0.17446997682817134,4554
250,Lafayette St & Jersey St,40.72456089,-73.99565293,0.21097032132606905,17801
251,Mott St & Prince St,40.72317958,-73.99480012,0.27036967584081434,14442
252,MacDougal St & Washington Sq,40.73226398,-73.99852205,0.10630987385765658,8725
253,W 13 St & 5 Ave,40.73543934,-73.99453948,0.35263620287371206,0
254,W 11 St & 6 Ave,40.73532427,-73.99800419,0.3066244257266209,0
257,Lispenard St & Broadway,40.71939226,-74.00247214,0.4140381089961152,8014
258,DeKalb Ave & Vanderbilt Ave,40.68940747,-73.96885458,1.6418086619642647,3076
259,South St & Whitehall St,40.70122128,-74.01234218,0.20158120503411683,7472
261,Johnson St & Gold St,40.69474881,-73.98362464,1.1945682482103486,3146
262,Washington Park,40.6917823,-73.9737299,1.4126158343998356,2316
263,Elizabeth St & Hester St,40.71729,-73.996375,0.2551398551962652,9961
264,Maiden Ln & Pearl St,40.70706456,-74.00731853,0.40075117218808926,6831
265,Stanton St & Chrystie St,40.72229346,-73.99147535,0.12816394960422436,9803
266,Avenue D & E 8 St,40.72368361,-73.97574813,0.36679867042610165,3053
267,Broadway & W 36 St,40.75097711,-73.98765428,0.30134313159902504,8858
268,Howard St & Centre St,40.71910537,-73.99973337,0.37552093527723596,9500
270,Adelphi St & Myrtle Ave,40.69308257,-73.97178913,1.3521326305032892,3176
274,Lafayette Ave & Fort Greene Pl,40.68691865,-73.976682,1.7216186652495276,2637
275,Washington Ave & Greene Ave,40.68650065,-73.96563307,1.890226126889042,1439
276,Duane St & Greenwich St,40.71748752,-74.0104554,0.06381477013028271,5853
278,Concord St & Bridge St,40.69766564,-73.98476437,1.011925192061907,1700
280,E 10 St & 5 Ave,40.73331967,-73.99510132,0.21289647171364653,10253
281,Grand Army Plaza & Central Park S,40.7643971,-73.97371465,0.7885377532314564,16526
282,Kent Ave & S 11 St,40.70827295,-73.96834101,0.6344466774529814,2047
284,Greenwich Ave & 8 Ave,40.7390169121,-74.0026376103,0.11322235965405292,19566
285,Broadway & E 14 St,40.73454567,-73.99074142,0.3598440404765599,22450
289,Monroe St & Classon Ave,40.6845683,-73.95881081,2.16945198796595,784
290,2 Ave & E 58 St,40.76020258,-73.96478473,0.33925349827972895,8179
291,Madison St & Montgomery St,40.713126,-73.984844,0.15620854893818809,4398
293,Lafayette St & E 8 St,40.73028666,-73.9907647,0.34106468441800813,29667
295,Pike St & E Broadway,40.71406667,-73.99293911,0.20113379892112926,6502
296,Division St & Bowery,40.71413089,-73.9970468,0.2909834812769478,6496
297,E 15 St & 3 Ave,40.734232,-73.986923,0.15926679079861739,11094
298,3 Ave & Schermerhorn St,40.68683208,-73.9796772,1.7211832426422886,1249
300,Shevchenko Pl & E 7 St,40.728145,-73.990214,0.31702836816254343,10162
301,E 2 St & Avenue B,40.72217444,-73.98368779,0.31284341612677447,10050
302,Avenue D & E 3 St,40.72082834,-73.97793172,0.3985675618439552,3737
303,Mercer St & Spring St,40.72362738,-73.99949601,0.20256651753185653,9153
304,Broadway & Battery Pl,40.70463334,-74.01361706,0.15645388596303667,8929
305,E 58 St & 3 Ave,40.76095756,-73.96724467,0.4703234556628096,12147
306,Cliff St & Fulton St,40.70823502,-74.00530063,0.31850280907789874,9527
307,Canal St & Rutgers St,40.71427487,-73.98990025,0.050092802488065524,10515
308,St James Pl & Oliver St,40.71307916,-73.99851193,0.26677285770091774,5578
309,Murray St & West St,40.7149787,-74.013012,0.16463324249606678,7118
310,State St & Smith St,40.68926942,-73.98912867,1.4761278556484638,5551
311,Norfolk St & Broome St,40.7172274,-73.98802084,0.1797266242648691,6864
312,Allen St & E Houston St,40.722055,-73.989111,0.10467956981202832,12512
313,Washington Ave & Park Ave,40.69610226,-73.96751037,1.2517558704355543,2346
314,Cadman Plaza West & Montague St,40.69383,-73.990539,1.1528800806665562,3221
316,Fulton St & William St,40.70955958,-74.00653609,0.22480284871215586,6810
317,E 6 St & Avenue B,40.72453734,-73.98185424,0.1323284278338274,9171
318,E 43 St & Vanderbilt Ave,40.75320159,-73.9779874,0.2619180622093516,17743
319,Fulton St & Broadway,40.711066,-74.009447,0.2103357737253925,7860
320,Leonard St & Church St,40.717571,-74.005549,0.3169754519736706,5708
321,Cadman Plaza E & Red Cross Pl,40.69991755,-73.98971773,0.7627600328611671,2927
322,Clinton St & Tillary St,40.696192,-73.991218,0.9860421532441925,1749
323,Lawrence St & Willoughby St,40.69236178,-73.98631746,1.3133660643709106,3492
324,DeKalb Ave & Hudson Ave,40.689888,-73.981013,1.5123505056274364,4165
325,E 19 St & 3 Ave,40.73624527,-73.98473765,0.18386357012959492,10064
326,E 11 St & 1 Ave,40.72953837,-73.98426726,0.2516584812839215,10499
327,Vesey Pl & River Terrace,40.7153379,-74.01658354,0.2390488327265228,22065
328,Watts St & Greenwich St,40.72405549,-74.00965965,0.10124039019090067,8585
329,Greenwich St & N Moore St,40.72043411,-74.01020609,0.2412994848747128,11888
331,Pike St & Monroe St,40.71173107,-73.99193043,0.20215539488942957,4096
332,Cherry St,40.71219906,-73.97948148,0.029259397648995718,4943
334,W 20 St & 7 Ave,40.74238787,-73.99726235,0.25413100048207415,11958
335,Washington Pl & Broadway,40.72903917,-73.99404649,0.151327466882228,8045
336,Sullivan St & Washington Sq,40.73047747,-73.99906065,0.0816666122030682,10192
339,Avenue D & E 12 St,40.72580614,-73.97422494,0.3321327432631989,1811
340,Madison St & Clinton St,40.71269042,-73.98776323,0.16403519245829418,4342
341,Stanton St & Mangin St,40.71782143,-73.97628939,0.3214279162382387,4223
342,Columbia St & Rivington St,40.71739973,-73.98016555,0.13719330109123176,3987
343,Clinton Ave & Flushing Ave,40.69794,-73.96986848,1.0807033956915568,1777
344,Monroe St & Bedford Ave,40.6851443,-73.95380904,2.2801364715617916,1554
345,W 13 St & 6 Ave,40.73649403,-73.99704374,0.3877292694348667,17166
346,Bank St & Hudson St,40.73652889,-74.00618026,0.03974790331981173,9165
347,Greenwich St & W Houston St,40.728846,-74.008591,0.1439034529974835,18565
348,W Broadway & Spring St,40.72490985,-74.00154702,0.06360860958309646,13110
350,Clinton St & Grand St,40.71559509,-73.9870295,0.12810531196808925,6862
352,W 56 St & 6 Ave,40.76340613,-73.97722479,0.7471484045958405,9756
353,S Portland Ave & Hanson Pl,40.68539567,-73.97431458,1.8406337210621686,2078
354,Emerson Pl & Myrtle Ave,40.69363137,-73.96223558,1.5461772313668343,1620
355,Bayard St & Baxter St,40.71602118,-73.99974372,0.40327382731778766,8877
356,Bialystoker Pl & Delancey St,40.71622644,-73.98261206,0.04613799194225478,4127
357,E 11 St & Broadway,40.73261787,-73.99158043,0.33783470981900665,7929
358,Christopher St & Greenwich St,40.73291553,-74.00711384,0.22089765375172063,21944
359,E 47 St & Park Ave,40.75510267,-73.97498696,0.43298544442016423,9447
360,William St & Pine St,40.70717936,-74.00887308,0.4135358009817125,6120
361,Allen St & Hester St,40.71605866,-73.99190759,0.16568776462595478,11025
362,Broadway & W 37 St,40.75172632,-73.98753523,0.269198271634974,8540
363,West Thames St,40.70834698,-74.01713445,0.2442224265263256,12051
364,Lafayette Ave & Classon Ave,40.68900443,-73.96023854,1.8690657935709567,1714
365,Fulton St & Grand Ave,40.68223166,-73.9614583,2.2483194631439876,2200
366,Clinton Ave & Myrtle Ave,40.693261,-73.968896,1.3939074427009739,4579
367,E 53 St & Lexington Ave,40.75828065,-73.97069431,0.495422375829445,5976
368,Carmine St & 6 Ave,40.73038599,-74.00214988,0.21397405795665098,19319
369,Washington Pl & 6 Ave,40.73224119,-74.00026394,0.16789457918000145,8306
372,Franklin Ave & Myrtle Ave,40.694528,-73.958089,1.6377101598521435,1124
373,Willoughby Ave & Walworth St,40.69331716,-73.95381995,1.8554396245976452,1881
375,Mercer St & Bleecker St,40.72679454,-73.99695094,0.06724285963345698,13915
376,John St & William St,40.70862144,-74.00722156,0.29401805324489616,6813
377,6 Ave & Canal St,40.72243797,-74.00566443,0.26033395143614785,7342
379,W 31 St & 7 Ave,40.749156,-73.9916,0.38753586987563077,17160
380,W 4 St & 7 Ave S,40.73401143,-74.00293877,0.20683058145384092,15412
382,University Pl & E 14 St,40.73492695,-73.99200509,0.4048322882927008,21617
383,Greenwich Ave & Charles St,40.735238,-74.000271,0.2833469479173821,11683
384,Fulton St & Washington Ave,40.683048,-73.964915,2.12535505660442,2833
385,E 55 St & 2 Ave,40.75797322,-73.96603308,0.31647928296968847,4951
386,Centre St & Worth St,40.71494807,-74.00234482,0.2488554634656323,7566
387,Centre St & Chambers St,40.71273266,-74.0046073,0.08149899039765851,16497
388,W 26 St & 10 Ave,40.749717753,-74.002950346,0.2245274495284647,9532
389,Broadway & Berry St,40.71044554,-73.96525063,0.7544647748861286,2668
390,Duffield St & Willoughby St,40.69221589,-73.9842844,1.3640163882544507,2330
391,Clark St & Henry St,40.69760127,-73.99344559,0.8713707442005757,3325
392,Jay St & Tech Pl,40.695065,-73.987167,1.123395174074561,3729
393,E 5 St & Avenue C,40.72299208,-73.97995466,0.2559686466499119,4952
394,E 9 St & Avenue C,40.72521311,-73.97768752,0.22795353009510025,8798
395,Bond St & Schermerhorn St,40.68807003,-73.98410637,1.6314456027554818,3646
396,Lefferts Pl & Franklin Ave,40.680342423,-73.9557689392,2.501876166887826,1921
397,Fulton St & Clermont Ave,40.68415748,-73.96922273,1.980854371551798,1535
398,Atlantic Ave & Furman St,40.69165183,-73.9999786,1.1246582757969117,4443
399,Lafayette Ave & St James Pl,40.68851534,-73.9647628,1.7821551095917043,1598
400,Pitt St & Stanton St,40.71926081,-73.98178024,0.23302409224707848,2486
402,Broadway & E 22 St,40.7403432,-73.98955109,0.1529685203499218,22566
403,E 2 St & 2 Ave,40.72502876,-73.99069656,0.11810889127187635,9339
405,Washington St & Gansevoort St,40.739323,-74.008119,0.1753919255512913,12996
406,Hicks St & Montague St,40.69512845,-73.99595065,1.0380143591640205,4551
408,Market St & Cherry St,40.71076228,-73.99400398,0.07443597758822545,3753
409,DeKalb Ave & Skillman St,40.6906495,-73.95643107,1.8958621653524013,1308
410,Suffolk St & Stanton St,40.72066442,-73.98517977,0.3059095374641356,10704
411,E 6 St & Avenue D,40.72228087,-73.97668709,0.39045174428818624,4262
412,Forsyth St & Canal St,40.7158155,-73.99422366,0.27165682057789525,7395
414,Pearl St & Anchorage Pl,40.70281858,-73.98765762,0.6423973660452849,3435
415,Pearl St & Hanover Square,40.7047177,-74.00926027,0.3515577528812618,6865
416,Cumberland St & Lafayette Ave,40.68753406,-73.97265183,1.7110895018340564,2743
417,Barclay St & Church St,40.71291224,-74.01020234,0.2125521875275261,12056
418,Front St & Gold St,40.70224,-73.982578,0.6773836264103492,2074
419,Carlton Ave & Park Ave,40.69580705,-73.97355569,1.145415919269033,940
420,Clermont Ave & Lafayette Ave,40.68764484,-73.96968902,1.743171344745627,2187
421,Clermont Ave & Park Ave,40.69573398,-73.97129668,1.188025606574946,1394
422,W 59 St & 10 Ave,40.770513,-73.988038,0.23543740424162252,7391
423,W 54 St & 9 Ave,40.76584941,-73.98690506,0.3581595454036199,5020
426,West St & Chambers St,40.71754834,-74.01322069,0.0930603342458378,25976
427,Bus Slip & State St,40.701907,-74.013942,0.10590908828240908,6231
428,E 3 St & 1 Ave,40.72467721,-73.98783413,0.12402690003055195,11456
430,York St & Jay St,40.7014851,-73.98656928,0.7501911304651014,6091
432,E 7 St & Avenue A,40.72621788,-73.98379855,0.11066971438066221,11523
433,E 13 St & Avenue A,40.72955361,-73.98057249,0.10495737248268383,11147
434,9 Ave & W 18 St,40.74317449,-74.00366443,0.13621855622354032,10023
435,W 21 St & 6 Ave,40.74173969,-73.99415556,0.3262874040947599,24104
436,Hancock St & Bedford Ave,40.68216564,-73.95399026,2.443589076731543,1677
437,Macon St & Nostrand Ave,40.6809833854,-73.9500479759,2.628511454786066,656
438,St Marks Pl & 1 Ave,40.72779126,-73.98564945,0.22636457174768793,9741
439,E 4 St & 2 Ave,40.7262807,-73.98978041,0.19079083736353566,11551
440,E 45 St & 3 Ave,40.75255434,-73.97282625,0.4717461445163246,6904
441,E 52 St & 2 Ave,40.756014,-73.967416,0.26310556144609765,5394
442,W 27 St & 7 Ave,40.746647,-73.993915,0.25907741241730475,12492
443,Bedford Ave & S 9 St,40.70853074,-73.96408963,0.8402171036597131,921
444,Broadway & W 24 St,40.7423543,-73.98915076,0.06289105715159153,21155
445,E 10 St & Avenue A,40.72740794,-73.98142006,0.06772613170870184,14018
446,W 24 St & 7 Ave,40.74487634,-73.99529885,0.25854578335815953,15924
447,8 Ave & W 52 St,40.76370739,-73.9851615,0.3927205103039746,9368
448,W 37 St & 10 Ave,40.75660359,-73.9979009,0.5203045599221865,10153
449,W 52 St & 9 Ave,40.76461837,-73.98789473,0.27106759731788,5929
450,W 49 St & 8 Ave,40.76227205,-73.98788205,0.25129455574825127,11464
453,W 22 St & 8 Ave,40.74475148,-73.99915362,0.1975110060876532,12956
454,E 51 St & 1 Ave,40.75455731,-73.96592976,0.13764480174198632,4752
456,E 53 St & Madison Ave,40.7597108,-73.97402311,0.6355632397201463,4665
457,Broadway & W 58 St,40.76695317,-73.98169333,0.5485728878291389,15894
458,11 Ave & W 27 St,40.751396,-74.005226,0.33235849363193853,11846
459,W 20 St & 11 Ave,40.746745,-74.007756,0.18137062885832747,16196
460,S 4 St & Wythe Ave,40.71285887,-73.96590294,0.718495508834784,3216
461,E 20 St & 2 Ave,40.73587678,-73.98205027,0.18475856873717533,11324
462,W 22 St & 10 Ave,40.74691959,-74.00451887,0.022917387045431382,17132
463,9 Ave & W 16 St,40.74206539,-74.00443172,0.1303354873947482,11848
465,Broadway & W 41 St,40.75513557,-73.98658032,0.22091439473688493,14993
466,W 25 St & 6 Ave,40.74395411,-73.99144871,0.21892078615636182,13068
467,Dean St & 4 Ave,40.68312489,-73.97895137,1.9771846814033522,4270
468,Broadway & W 55 St,40.7652654,-73.98192338,0.5813075873763149,8428
469,Broadway & W 53 St,40.76344058,-73.98268129,0.5205426027731669,8149
470,W 20 St & 8 Ave,40.74345335,-74.00004031,0.1614366071281903,9865
471,Grand St & Havemeyer St,40.71286844,-73.95698119,1.1854416736892237,2790
472,E 32 St & Park Ave,40.7457121,-73.98194829,0.3979890140150259,14546
474,5 Ave & E 29 St,40.7451677,-73.98683077,0.2129867334550287,11065
475,E 16 St & Irving Pl,40.73524276,-73.98758561,0.21869436167314715,10190
476,E 31 St & 3 Ave,40.74394314,-73.97966069,0.2844668034299501,12179
477,W 41 St & 8 Ave,40.75640548,-73.9900262,0.4214503251795803,16123
478,11 Ave & W 41 St,40.76030096,-73.99884222,0.3764418407849472,10020
479,9 Ave & W 45 St,40.76019252,-73.9912551,0.20381330406110312,12468
480,W 53 St & 10 Ave,40.76669671,-73.99061728,0.2771870250551662,7283
481,S 3 St & Bedford Ave,40.71260486,-73.96264403,0.8875568989322742,2722
482,W 15 St & 7 Ave,40.73935542,-73.99931783,0.21238008706896652,12249
483,E 12 St & 3 Ave,40.73223272,-73.98889957,0.27546973523023566,13071
484,W 44 St & 5 Ave,40.75500254,-73.98014437,0.18078595429731042,7306
485,W 37 St & 5 Ave,40.75038009,-73.98338988,0.21621053861489994,8531
486,Broadway & W 29 St,40.7462009,-73.98855723,0.27746196646567306,11150
487,E 20 St & FDR Drive,40.73314259,-73.97573881,0.4019959344869283,7997
488,W 39 St & 9 Ave,40.75645824,-73.99372222,0.453160897434503,14299
489,10 Ave & W 28 St,40.75066386,-74.00176802,0.266390058117933,10620
490,8 Ave & W 33 St,40.751551,-73.993934,0.37010700565873467,19754
491,E 24 St & Park Ave S,40.74096374,-73.98602213,0.1333068745405938,12671
492,W 33 St & 7 Ave,40.75019995,-73.99093085,0.4452969569602664,13980
493,W 45 St & 6 Ave,40.7568001,-73.98291153,0.22796377177023075,10369
494,W 26 St & 8 Ave,40.74734825,-73.99723551,0.07830811241498678,12812
495,W 47 St & 10 Ave,40.76269882,-73.99301222,0.02918403273373548,8213
496,E 16 St & 5 Ave,40.73726186,-73.99238967,0.41252308519924274,13630
497,E 17 St & Broadway,40.73704984,-73.99009296,0.3727735736521004,28937
498,Broadway & W 32 St,40.74854862,-73.98808416,0.4344774913870849,13575
499,Broadway & W 60 St,40.76915505,-73.98191841,0.4166172191404766,21620
500,Broadway & W 51 St,40.76228826,-73.98336183,0.4860894707864874,8867
501,FDR Drive & E 35 St,40.744219,-73.97121214,0.06425877781082728,10211
502,Henry St & Grand St,40.714215,-73.981346,0.11826756334106842,7669
503,E 20 St & Park Ave,40.73827428,-73.98751968,0.27224191822609867,2534
504,1 Ave & E 15 St,40.73221853,-73.98165557,0.1570266779137727,16440
505,6 Ave & W 33 St,40.74901271,-73.98848395,0.42384246258435393,13486
507,E 25 St & 2 Ave,40.73912601,-73.97973776,0.10560895516950562,11833
508,W 46 St & 11 Ave,40.76341379,-73.99667444,0.21683260409679614,8541
509,9 Ave & W 22 St,40.7454973,-74.00197139,0.14523167598121592,14328
510,W 51 St & 6 Ave,40.7606597,-73.98042047,0.5119680177688527,9132
511,E 14 St & Avenue B,40.72938685,-73.97772429,0.13474150700055987,9485
512,W 29 St & 9 Ave,40.7500727,-73.99839279,0.17187606067182842,8942
513,W 56 St & 10 Ave,40.768254,-73.988639,0.3943781913981504,5874
514,12 Ave & W 40 St,40.76087502,-74.00277668,0.5539707728616377,17072
515,W 43 St & 10 Ave,40.76009437,-73.99461843,0.2252196226120355,11846
517,Pershing Square South,40.751581,-73.97791,0.2963084658341132,9761
518,E 39 St & 2 Ave,40.74780373,-73.9734419,0.1787870973095601,13095
519,Pershing Square North,40.751873,-73.977706,0.2977747314027666,33382
520,W 52 St & 5 Ave,40.75992262,-73.97648516,0.5587209406577676,5846
521,8 Ave & W 31 St,40.750967348716,-73.994442075491,0.3224807452971641,35492
522,E 51 St & Lexington Ave,40.75714758,-73.97207836,0.5049556771552386,6672
523,W 38 St & 8 Ave,40.75466591,-73.99138152,0.4490153253331308,16369
524,W 43 St & 6 Ave,40.75527307,-73.98316936,0.12305202574610571,0
525,W 34 St & 11 Ave,40.75594159,-74.0021163,0.6034823777937907,5655
526,E 33 St & 5 Ave,40.74765947,-73.98490707,0.4092423157306983,8348
527,E 33 St & 2 Ave,40.744023,-73.976056,0.13889544125672557,4208
528,2 Ave & E 31 St,40.74290902,-73.97706058,0.20788865125268388,18545
529,W 42 St & 8 Ave,40.7575699,-73.99098507,0.38181942660613477,9756
530,11 Ave & W 59 St,40.771522,-73.990541,0.2462534774693482,10849
532,S 5 Pl & S 4 St,40.710451,-73.960876,0.9828185859029731,7851
533,Broadway & W 39 St,40.75299641,-73.98721619,0.22579645013314795,8432
536,1 Ave & E 30 St,40.74144387,-73.97536082,0.1743035965419309,11305
537,Lexington Ave & E 24 St,40.74025878,-73.98409214,0.2437719171446388,11761
539,Metropolitan Ave & Bedford Ave,40.71534825,-73.96024116,1.041450887313713,6861
540,Lexington Ave & E 29 St,40.743115553765,-73.982153534889,0.3030780021882445,14027
545,E 23 St & 1 Ave,40.736502,-73.97809472,0.2412815237813052,11397
546,E 30 St & Park Ave S,40.74444921,-73.98303529,0.30169149956575525,12178
2000,Front St & Washington St,40.70255088,-73.98940236,0.606419027473634,5732
2001,Sands St & Navy St,40.699773,-73.979927,0.8284975224119999,418
2002,Wythe Ave & Metropolitan Ave,40.716887,-73.963198,0.926363517903669,6359
2003,1 Ave & E 18 St,40.733812191966,-73.98054420948,0.18121738413906074,9355
2004,6 Ave & Broome St,40.724399,-74.004704,0.13088625040648935,7569
2005,Railroad Ave & Kay Ave,40.70531194,-73.97100056,0.6314334625145495,322
2006,Central Park S & 6 Ave,40.76590936,-73.97634151,0.7798749311546661,14307
2008,Little West St & 1 Pl,40.70569254,-74.01677685,0.20537354083759274,9400
2009,Catherine St & Monroe St,40.71117444,-73.99682619,0.11120249178861846,4832
2010,Grand St & Greene St,40.72165481,-74.00234737,0.25816664609628015,8305
2012,E 27 St & 1 Ave,40.739445,-73.976806,0.0772259616476024,6894
2017,E 43 St & 2 Ave,40.75022392,-73.97121414,0.3639378890432719,4052
2021,W 45 St & 8 Ave,40.75929124,-73.98859651,0.32883110850862685,9582
2022,E 60 St & York Ave,40.759107,-73.959223,0.08825955206813091,6075
2023,E 55 St & Lexington Ave,40.75968085,-73.97031366,0.554333163814482,4600
3002,South End Ave & Liberty St,40.711512,-74.015756,0.0649172402041683,19407
3041,Kingston Ave & Herkimer St,40.67890679,-73.94142771,3.0240223726892443,0
3042,Fulton St & Utica Ave,40.6794268,-73.9298911,3.4313412578916322,0
3043,Lewis Ave & Decatur St,40.6814598,-73.934903,3.140812502244316,0
3044,Albany Ave & Fulton St,40.6800105,-73.938475,3.0739848786732304,0
3046,Marcus Garvey Blvd & Macon St,40.682601,-73.938037,2.9660153133862353,0
3047,Halsey St & Tompkins Ave,40.6823687,-73.944118,2.751867331457748,0
3048,Putnam Ave & Nostrand Ave,40.68402,-73.94977,2.471408655613515,0
3049,Cambridge Pl & Gates Ave,40.68488,-73.96304,2.0475861938653233,0
3050,Putnam Ave & Throop Ave,40.6851532,-73.94111,2.7280092934249143,0
3052,Lewis Ave & Madison St,40.686312,-73.935775,2.891915946329213,0
3053,Marcy Ave & Lafayette Ave,40.6900815,-73.947915,2.2347915268562697,0
3054,Greene Ave & Throop Ave,40.6894932,-73.942061,2.4964489294451004,0
3055,Greene Ave & Nostrand Ave,40.6883337,-73.950916,2.2072119516045987,0
3056,Kosciuszko St & Nostrand Ave,40.69072549,-73.95133465,2.073518342402326,0
3057,Kosciuszko St & Tompkins Ave,40.69128258,-73.9452416,2.2888014502616847,0
3058,Lewis Ave & Kosciuszko St,40.69237074,-73.93705428,2.600820522429018,0
3059,Pulaski St & Marcus Garvey Blvd,40.6933982,-73.939877,2.437278482546938,0
3060,Willoughby Ave & Tompkins Ave,40.69425403,-73.94626915,2.123517785025573,0
3061,Throop Ave & Myrtle Ave,40.69622937,-73.94371094,2.1645557747221935,0
3062,Myrtle Ave & Marcy Ave,40.69539817,-73.94954908,1.9372446315106333,0
3063,Nostrand Ave & Myrtle Ave,40.69527008,-73.95238108,1.8240312008865522,0
3064,Myrtle Ave & Lewis Ave,40.69681963,-73.93756926,2.432330045014208,0
3065,Union Ave & Wallabout St,40.70029511,-73.95032283,1.725397540708253,0
3066,Tompkins Ave & Hopkins St,40.69957608,-73.94708417,1.8995696692472197,0
3067,Broadway & Whipple St,40.7016657,-73.9437303,2.0042719093423766,0
3068,Humboldt St & Varet St,40.7031724,-73.940636,2.125972235151799,0
3069,Lorimer St & Broadway,40.70411791,-73.94818595,1.7277360585350818,0
3070,McKibbin St & Manhattan Ave,40.70510918,-73.94407279,1.9169272062522256,0
3071,Boerum St & Broadway,40.70538077,-73.94976519,1.6231424192884456,0
3072,Leonard St & Boerum St,40.70583339,-73.94644578,1.7840611819413195,0
3073,Division Ave & Hooper St,40.70691254,-73.95441667,1.3598076817609093,0
3074,Montrose Ave & Bushwick Ave,40.70767788,-73.94016171,2.085499594458531,0
3075,Division Ave & Marcy Ave,40.70708701,-73.95796783,1.1766388488882424,0
3076,Scholes St & Manhattan Ave,40.70870368,-73.9448625,1.831706575164498,0
3077,Stagg St & Union Ave,40.70877084,-73.95095259,1.51388971457132,0
3079,Leonard St & Grand St,40.71103537,-73.94714303,1.7003927276953612,0
3080,S 4 St & Rodney St,40.70934,-73.95608,1.2418172227433741,0
3081,Graham Ave & Grand St,40.711863,-73.944024,1.8633928894275171,0
3082,Hope St & Union Ave,40.71167351,-73.95141312,1.4754273505605997,0
3083,Bushwick Ave & Powers St,40.71247661,-73.94100005,2.0227283423156894,0
3084,Devoe St & Leonard St,40.71348658,-73.94792458,1.662754527268974,0
3085,Roebling St & N 4 St,40.71469,-73.95739,1.1788390046332995,0
3086,Graham Ave & Conselyea St,40.715143,-73.944507,1.8526059380931215,0
3087,Metropolitan Ave & Meeker Ave,40.71413311,-73.95234386,1.4357591341153377,0
3088,Union Ave & Jackson St,40.7160751,-73.952029,1.4732055663004806,0
3090,N 8 St & Driggs Ave,40.71774592,-73.95600096,1.3013883192133981,0
3091,Frost St & Meeker St,40.71764,-73.94882,1.66152154085459,0
3092,Berry St & N 8 St,40.7190095,-73.95852515,1.2097047643917198,0
3093,N 6 St & Bedford Ave,40.71745169,-73.95850939,1.1702492509860245,0
3094,Graham Ave & Withers St,40.7169811,-73.94485918,1.8545763054485773,0
3095,Graham Ave & Herbert St,40.71929301,-73.94500379,1.884626407829388,0
3097,N Henry St & Richardson St,40.71921585,-73.9424469,2.0126620433838887,0
3098,Leonard St & Bayard St,40.71928,-73.94861,1.7031255103748622,0
3101,N 12 St & Bedford Ave,40.72079821,-73.95484712,1.4020897425746521,0
3102,Driggs Ave & Lorimer St,40.72179134,-73.9504154,1.600877768714307,0
3103,N 11 St & Wythe Ave,40.72153267,-73.95782357,1.2381283498051792,0
3104,Kent Ave & N 7 St,40.72057658,-73.96150225,1.0912453814858585,0
3105,N 15 St & Wythe Ave,40.724055,-73.955736,1.2914428269079934,0
3106,Driggs Ave & N Henry St,40.72325,-73.94308,1.9539395585655939,0
3107,Bedford Ave & Nassau Ave,40.72311651,-73.95212324,1.4908591584602275,0
3108,Nassau Ave & Russell St,40.72557,-73.94434,1.8666714979564312,0
3109,Banker St & Meserole Ave,40.72606,-73.95621,1.2434740304999758,0
3110,Meserole Ave & Manhattan Ave,40.72708584,-73.95299117,1.40586040274127,0
3111,Norman Ave & Leonard St,40.7258483,-73.95064893,1.5352265418338706,0
3112,Milton St & Franklin St,40.72906,-73.95779,1.1535596650844309,0
3113,Greenpoint Ave & Manhattan Ave,40.73026,-73.95394,1.3367725577856608,0
3114,India St & East River,40.73165141,-73.96161892,0.9807538362744924,0
3115,India St & Manhattan Ave,40.73232194,-73.9550858,1.1904897061220225,0
3117,Franklin St & Dupont St,40.73564,-73.95866,0.8952163452907239,0
3118,McGuinness Blvd & Eagle St,40.73555,-73.95284,1.1324502401011183,0
3119,Vernon Blvd & 50 Ave,40.74232744,-73.95411749,0.879101026305468,0
3120,Center Blvd & Borden Ave,40.74161,-73.96044,0.5769269675415667,0
3121,Jackson Ave & 46 Rd,40.74524768,-73.94733276,1.0314565793978177,0
3123,31 St & Thomson Ave,40.74469738,-73.93540375,1.5443135567582125,0
3124,46 Ave & 5 St,40.74731,-73.95451,0.642883226654426,0
3125,45 Rd & 11 St,40.74708586,-73.94977234,0.8560911867340338,0
3126,44 Dr & Jackson Ave,40.74718234,-73.9432635,1.1069225707448938,0
3127,9 St & 44 Rd,40.74966,-73.9521,0.6471655206306061,0
3128,21 St & 43 Ave,40.75052534,-73.94594845,0.8625994335865004,0
3129,Queens Plaza North & Crescent St,40.75110165,-73.94073717,1.0590879893974592,0
3132,E 59 St & Madison Ave,40.76350532,-73.97109243,0.6594286293267562,0
3134,3 Ave & E 62 St,40.76312584,-73.96526895,0.371993821415845,0
3135,E 75 St & 3 Ave,40.77112927,-73.95772297,0.4128587673916921,0
3136,5 Ave & E 63 St,40.76650452,-73.97147595,0.6752320593702916,0
3137,5 Ave & E 73 St,40.77282817,-73.96685276,0.6778205045744476,0
3140,1 Ave & E 78 St,40.77140426,-73.9535166,0.5081020657723587,0
3141,1 Ave & E 68 St,40.76500525,-73.95818491,0.03102433481275914,0
3142,1 Ave & E 62 St,40.7612274,-73.96094022,0.21057574581424093,0
3144,E 81 St & Park Ave,40.77677702,-73.9590097,0.5478232034791736,0
3145,E 84 St & Park Ave,40.77862688,-73.95772073,0.4293537503780987,0
3146,E 81 St & 3 Ave,40.77573034,-73.9567526,0.5007485261649889,0
3147,E 85 St & 3 Ave,40.77801203,-73.95407149,0.2898927742972859,0
3148,E 84 St & 1 Ave,40.77565541,-73.95068615,0.36705629194085443,0
3149,E 82 St & 2 Ave,40.77517793,-73.95324922,0.4310756913340167,0
3150,E 85 St & York Ave,40.77536905,-73.94803392,0.23834694128097408,0
3156,E 72 St & York Ave,40.76663814,-73.95348296,0.29232519317769706,0
3158,W 63 St & Broadway,40.77163851,-73.98261428,0.27306389666760944,0
3159,W 67 St & Broadway,40.77492513,-73.98266566,0.2374325800182351,0
3160,Central Park West & W 76 St,40.77896784,-73.97374737,0.7783896366753404,0
3163,Central Park West & W 68 St,40.7734066,-73.97782542,0.47972079484350366,0
3164,Columbus Ave & W 72 St,40.7770575,-73.97898475,0.47384877572226286,0
3165,Central Park West & W 72 St,40.77575319,-73.97603963,0.5877972364205947,0
3166,Riverside Dr & W 72 St ,40.780577990103,-73.985624313354,0.4712388623706265,0
3167,Amsterdam Ave & W 73 St,40.779668090073,-73.980930447578,0.5123001308168436,0
3169,Riverside Dr & W 82 St,40.78720869,-73.98128127,0.9703326451812713,0
3170,W 84 St & Columbus Ave,40.78499979,-73.97283406,0.8800319074648549,0
3172,W 74 St & Columbus Ave,40.7785669,-73.97754961,0.5919973471283446,0
3175,W 70 St & Amsterdam Ave,40.77748046,-73.98288594,0.3304456875469194,0
3176,W 64 St & West End Ave,40.77452835,-73.98753759,0.05744783481714339,0
3177,W 84 St & Broadway,40.7867947,-73.977112,0.870707489723063,0
3178,Riverside Dr & W 78 St,40.78414472,-73.98362492,0.7332591638385965,0
3179,Park Ave & Marcus Garvey Blvd,40.698617,-73.941342,2.2004676098078977,0
3180,Brooklyn Bridge Park - Pier 2,40.69878,-73.99712,0.7918397682502192,0
3183,Exchange Place,40.7162469,-74.0334588,0.9204606482715662,0
3184,Paulus Hook,40.7141454,-74.0335519,0.8885200424004763,0
3185,City Hall,40.7177325,-74.043845,1.4715507604119684,0
3186,Grove St PATH,40.7192789,-74.0424515,1.4357060942762514,0
3187,Warren St,40.7211236,-74.03805095,1.280886435133479,0
3188,NJCU,40.7101087,-74.0858489,3.6227244033595034,0
3189,West Side Light Rail,40.714402,-74.0887723,3.7780408944754145,0
3190,Garfield Ave Light Rail,40.7108044,-74.0714882,2.8675715970671445,0
3191,Union St,40.7182113,-74.0836394,3.531544960406437,0
3192,Liberty Light Rail,40.7112423,-74.0557013,2.0381625917112856,0
3193,Lincoln Park,40.7244188,-74.0780383,3.3247271369539817,0
3194,McGinley Square,40.7256033,-74.06763,2.827005844674209,0
3195,Sip Ave,40.7309459,-74.0638906,2.7960920780260725,0
3196,Riverview Park,40.7443187,-74.0439909,2.0888019793256025,0
3197,North St,40.752559,-74.044725,2.1602790846950004,0
3198,Heights Elevator,40.7485362,-74.0403131,1.8943003802457679,0
3199,Newport Pkwy,40.7287448,-74.0321082,1.154157094944661,0
3200,MLK Light Rail,40.7111305,-74.0788855,3.25541977964336,0
3201,Dey St,40.737711,-74.066921,3.077979371356114,0
3202,Newport PATH,40.7272235,-74.0337589,1.2236108573787232,0
3203,Hamilton Park,40.727595966,-74.044247311,1.7741200535036026,0
3205,JC Medical Center,40.7165271,-74.049425,1.7378904955951657,0
3206,Hilltop,40.7311689,-74.0575736,2.4993235612220404,0
3207,Oakland Ave,40.7376037,-74.0524783,2.356302642718264,0
3209,Brunswick St,40.7241765,-74.0506564,1.9651831398010209,0
3210,Pershing Field,40.742677141,-74.051788633,2.469692055441286,0
3211,Newark Ave,40.72152515,-74.046304543,1.6814513304966123,0
3212,Christ Hospital,40.734785818,-74.050443636,2.1915380069980492,0
3213,Van Vorst Park,40.71848892,-74.047726625,1.681851761893029,0
3214,Essex Light Rail,40.7127742,-74.0364857,1.0305734201379593,0
3215,Central Ave,40.7467299,-74.0492509,2.358812838724639,0
3216,Columbia Park,40.6970299,-74.0969366,4.295500756534199,0
3217,Bayside Park,40.698650544,-74.082079678,3.5083902858811484,0
3220,5 Corners Library,40.73496102001,-74.059503078461,2.652356953167486,0
3221,47 Ave & 31 St,40.743,-73.93561,1.6014778372984904,0
3222,Hanson Pl & St Felix St,40.685159599892,-73.97711366415,1.8408827421977227,0
3223,E 55 St & 3 Ave,40.758996559605,-73.968653976917,0.4656551558054233,0
3224,W 13 St & Hudson St,40.739973541034,-74.005138725042,0.06484681358648879,0
3225,Baldwin at Montgomery,40.7236589,-74.0641943,2.6129785721894505,0
3226,W 82 St & Central Park West,40.78275,-73.97137,1.0104259846946397,0
3231,E 67 St & Park Ave,40.767800801481,-73.965920805931,0.4183385996940732,0
3232,Bond St & Fulton St,40.689621887903,-73.983042687178,1.539857804391279,0
